symbol,side,entry_idx,exit_idx,entry_time,exit_time,entry_price,exit_price,qty,pnl_quote,pnl_pct,exit_reason,bars_held
BTC/USDT,long,3618,3623,2025-06-03 22:30:00,2025-06-03 23:45:00,105776.151,105209.38325209203,0.0018907853812907222,-1.2312075178625264,-0.061560375893126316,stop,5
BTC/USDT,short,6274,6276,2025-07-01 14:30:00,2025-07-01 15:00:00,106465.60261999999,105981.62258609998,0.0018785410036502173,0.7495400091646365,0.037477000458231824,stop,2
BTC/USDT,short,6893,6896,2025-07-08 01:15:00,2025-07-08 02:00:00,108087.3782,107532.41861957064,0.001850354808587632,0.8672828770705361,0.043364143853526806,take_profit,3
BTC/USDT,short,7619,7621,2025-07-15 14:45:00,2025-07-15 15:15:00,116936.70798,116120.56977005998,0.0017103269234687753,1.2364214989935232,0.06182107494967616,stop,2
BTC/USDT,long,13725,13727,2025-09-17 05:15:00,2025-09-17 05:45:00,116533.302,117058.48074866435,0.0017162476010505565,0.7409762328109318,0.03704881164054659,take_profit,2
BTC/USDT,short,17126,17149,2025-10-22 15:30:00,2025-10-22 21:15:00,107831.9293,106929.1455528,0.0018547382143518784,1.5150972862337353,0.07575486431168676,stop,23
BTC/USDT,long,17600,17601,2025-10-27 14:00:00,2025-10-27 14:15:00,115233.34206,114557.7203019609,0.001735608778020718,-1.3321460078528928,-0.06660730039264465,stop,1
BTC/USDT,short,17791,17794,2025-10-29 13:45:00,2025-10-29 14:30:00,112941.50718000002,112549.87787448,0.0017708281480718236,0.5337856011038051,0.026689280055190258,stop,3
BTC/USDT,short,22102,22113,2025-12-13 11:30:00,2025-12-13 14:15:00,90388.71864,90121.04984049645,0.0022126655074795293,0.4324984246980189,0.021624921234900944,take_profit,11
BTC/USDT,long,22784,22831,2025-12-20 14:00:00,2025-12-21 01:45:00,88248.54617999999,87949.28007492152,0.002266326287030965,-0.8379633469003966,-0.04189816734501983,stop,47
BTC/USDT,long,24035,24037,2026-01-02 14:45:00,2026-01-02 15:15:00,89374.3713,89541.70077746002,0.002237777979200174,0.21429644144313603,0.010714822072156802,stop,2
BTC/USDT,long,24039,24043,2026-01-02 15:45:00,2026-01-02 16:45:00,89728.9422,90590.53436878,0.002228935225316854,1.759664961596946,0.0879832480798473,stop,4
BTC/USDT,short,25553,25569,2026-01-18 10:15:00,2026-01-18 14:15:00,95082.77964000001,95260.14415809487,0.0021034303031236034,-0.5332231316204799,-0.02666115658102399,stop,16
BTC/USDT,short,26445,26448,2026-01-27 17:15:00,2026-01-27 18:00:00,87954.10566,87544.70163924,0.002273913178915496,0.7713215779864906,0.03856607889932453,stop,3
BTC/USDT,short,26726,26738,2026-01-30 15:30:00,2026-01-30 18:30:00,82570.38261999999,82093.91149919998,0.002422176010984797,0.9945585574963105,0.049727927874815524,stop,12
BTC/USDT,short,27875,27877,2026-02-11 14:45:00,2026-02-11 15:15:00,67185.96011999999,65928.83863109999,0.0029768124120393984,3.583711737539598,0.17918558687697989,stop,2
BTC/USDT,short,28553,28562,2026-02-18 16:15:00,2026-02-18 18:30:00,67024.29246,66813.96252047998,0.0029839927086042677,0.4678740551312748,0.023393702756563738,stop,9
BTC/USDT,short,29509,29510,2026-02-28 15:15:00,2026-02-28 15:30:00,64180.161400000005,65002.62611534586,0.0031162277507142573,-2.7240125648920404,-0.13620062824460202,stop,1
BTC/USDT,long,30467,30469,2026-03-10 14:45:00,2026-03-10 15:15:00,70424.082,71518.54912886,0.002839937622474085,2.9469750884604036,0.14734875442302017,stop,2
BTC/USDT,short,32141,32161,2026-03-28 01:15:00,2026-03-28 06:15:00,66102.47686,66468.58208212546,0.0030256052344844013,-1.2681329523854552,-0.06340664761927275,stop,20
BTC/USDT,long,32388,32395,2026-03-30 15:00:00,2026-03-30 16:45:00,67776.35256,67180.10302151981,0.002950881722691511,-1.9187580805183293,-0.09593790402591647,stop,7
ETH/USDT,short,5951,5959,2025-06-28 05:45:00,2025-06-28 07:45:00,2417.5164,2428.364411117886,0.08272953184516142,-1.0578098615863099,-0.052890493079315495,stop,8
ETH/USDT,short,10880,10888,2025-08-18 14:00:00,2025-08-18 16:00:00,4284.34296,4352.260389655333,0.04668160365947921,-3.3317627305539044,-0.16658813652769522,stop,8
ETH/USDT,short,15970,15972,2025-10-10 14:30:00,2025-10-10 15:00:00,4323.675092,4268.211538410847,0.04625694478524891,2.4066007657815303,0.12033003828907651,take_profit,2
ETH/USDT,short,17020,17024,2025-10-21 13:00:00,2025-10-21 14:00:00,3878.114222,3862.522950119999,0.05157145678315196,0.644386229795422,0.0322193114897711,stop,4
ETH/USDT,short,18376,18378,2025-11-04 16:00:00,2025-11-04 16:30:00,3505.288802,3465.9778169519996,0.05705663963719244,2.08384988874989,0.1041924944374945,stop,2
ETH/USDT,short,20017,20026,2025-11-21 18:15:00,2025-11-21 20:30:00,2728.374216,2716.8076728839997,0.07330372748252068,0.6882098727799224,0.03441049363899612,stop,9
ETH/USDT,short,22399,22401,2025-12-16 13:45:00,2025-12-16 14:15:00,2930.643754,2894.695203276,0.06824439160407075,2.2942682879967498,0.11471341439983748,stop,2
ETH/USDT,short,24655,24684,2026-01-09 01:45:00,2026-01-09 09:00:00,3097.190438,3075.8130395999997,0.06457465370749023,1.2209902740866205,0.061049513704331024,stop,29
ETH/USDT,long,26511,26513,2026-01-28 09:45:00,2026-01-28 10:15:00,3009.681816,3020.305818,0.066452207318649,0.5457059881043598,0.02728529940521799,stop,2
ETH/USDT,short,27876,27878,2026-02-11 15:00:00,2026-02-11 15:30:00,1941.921538,1913.9061046799998,0.10299077284347005,2.7264852616232,0.13632426308116,stop,2
ETH/USDT,short,28010,28022,2026-02-13 00:30:00,2026-02-13 03:30:00,1933.8731480000001,1956.7100878082092,0.10341939966788348,-2.52272731825866,-0.126136365912933,stop,12
ETH/USDT,short,28451,28453,2026-02-17 14:45:00,2026-02-17 15:15:00,1960.367848,1952.2283675999997,0.10202166914951362,0.6707355377683553,0.03353677688841776,stop,2
SOL/USDT,long,4824,4828,2025-06-16 12:00:00,2025-06-16 13:00:00,156.42127799999997,154.9804820129457,1.278598426999171,-2.0014626028812232,-0.10007313014406116,stop,4
SOL/USDT,short,5821,5823,2025-06-26 21:15:00,2025-06-26 21:45:00,141.451704,139.64552351999998,1.4139101498558122,2.3947984239087328,0.11973992119543664,stop,2
SOL/USDT,short,5863,5867,2025-06-27 07:45:00,2025-06-27 08:45:00,140.541886,141.86557429809798,1.423063299435159,-2.044445713809784,-0.10222228569048919,stop,4
SOL/USDT,short,7619,7621,2025-07-15 14:45:00,2025-07-15 15:15:00,159.308132,157.70313431999998,1.255428693370154,1.855766124320666,0.0927883062160333,stop,2
SOL/USDT,short,10879,10881,2025-08-18 13:45:00,2025-08-18 14:15:00,181.623668,181.02754826999998,1.1011780689287698,0.4966965467210215,0.024834827336051073,stop,2
SOL/USDT,short,13737,13746,2025-09-17 08:15:00,2025-09-17 10:30:00,235.792832,234.44798021999995,0.8482022048914531,0.981162527546262,0.0490581263773131,stop,9
SOL/USDT,long,15066,15081,2025-10-01 04:30:00,2025-10-01 08:15:00,208.99178999999998,209.91623835400003,0.9569753912342682,0.7243204555149739,0.036216022775748695,stop,15
SOL/USDT,long,17536,17538,2025-10-26 22:00:00,2025-10-26 22:30:00,198.45968399999998,199.28037595199999,1.007761354694085,0.6667308086807235,0.03333654043403618,stop,2
SOL/USDT,short,18376,18378,2025-11-04 16:00:00,2025-11-04 16:30:00,161.357722,160.27132785599997,1.2394820497032055,1.1871046668068663,0.059355233340343316,stop,2
SOL/USDT,long,21155,21156,2025-12-03 14:45:00,2025-12-03 15:00:00,143.058606,140.8560224466746,1.398028441574497,-3.238042742712145,-0.16190213713560725,stop,1
SOL/USDT,short,21445,21462,2025-12-06 15:15:00,2025-12-06 19:30:00,132.883418,132.46260722399998,1.5050786848363578,0.47360667063880696,0.023680333531940347,stop,17
SOL/USDT,short,27875,27876,2026-02-11 14:45:00,2026-02-11 15:00:00,81.063784,78.7653107697032,2.4671929945929985,5.513045362868605,0.27565226814343025,take_profit,1
SOL/USDT,short,28350,28352,2026-02-16 13:30:00,2026-02-16 14:00:00,84.913014,84.058178274,2.355351560127167,1.8542440363509047,0.09271220181754523,stop,2
SOL/USDT,long,30467,30469,2026-03-10 14:45:00,2026-03-10 15:15:00,86.67733199999999,88.296597148,2.307408354470348,3.57481140822565,0.1787405704112825,stop,2
SOL/USDT,long,30663,30697,2026-03-12 15:45:00,2026-03-13 00:15:00,86.757348,88.69988334807047,2.3052802397786527,4.31629711763723,0.2158148558818615,take_profit,34
SOL/USDT,short,31289,31291,2026-03-19 04:15:00,2026-03-19 04:45:00,90.16196400000001,89.98709382,2.21823029498337,0.22805749189761082,0.011402874594880541,stop,2
BNB/USDT,long,6182,6187,2025-06-30 15:30:00,2025-06-30 16:45:00,654.7609259999999,658.560917123386,0.30545500205979004,1.0002620059025231,0.05001310029512616,take_profit,5
BNB/USDT,short,7619,7626,2025-07-15 14:45:00,2025-07-15 16:30:00,680.6038520000001,685.9608697496349,0.29385669712606916,-1.7348252205703492,-0.08674126102851745,stop,7
BNB/USDT,long,11853,11906,2025-08-28 17:15:00,2025-08-29 06:30:00,875.555076,866.4210231467922,0.2284265210518864,-2.2456253323957642,-0.11228126661978821,stop,53
BNB/USDT,short,11977,11984,2025-08-30 00:15:00,2025-08-30 02:00:00,859.0481560000001,855.2987355419999,0.23281581900048917,0.7132735644643756,0.03566367822321878,stop,7
BNB/USDT,long,17536,17539,2025-10-26 22:00:00,2025-10-26 22:45:00,1131.256206,1142.0111134269052,0.17679461022112616,1.7406491026374016,0.08703245513187008,take_profit,3
BNB/USDT,short,18219,18222,2025-11-03 00:45:00,2025-11-03 01:30:00,1080.98376,1071.924550693929,0.18501665556936767,1.5167750497553363,0.07583875248776681,take_profit,3
BNB/USDT,long,18755,18757,2025-11-08 14:45:00,2025-11-08 15:15:00,993.188598,995.165847016,0.20137162307616424,0.2380025788402551,0.011900128942012755,stop,2
BNB/USDT,short,22504,22506,2025-12-17 16:00:00,2025-12-17 16:30:00,853.97917,845.015929392,0.23419774981162597,1.9400104497263506,0.09700052248631753,stop,2
BNB/USDT,short,28553,28562,2026-02-18 16:15:00,2026-02-18 18:30:00,614.517072,612.534222348,0.32545881817258937,0.4855940387156005,0.024279701935780024,stop,9
BNB/USDT,short,29069,29077,2026-02-24 01:15:00,2026-02-24 03:15:00,597.1005560000001,595.509908166,0.33495195740531175,0.37300372178308644,0.018650186089154322,stop,8
BNB/USDT,long,30467,30469,2026-03-10 14:45:00,2026-03-10 15:15:00,645.489072,650.153223344,0.3098425808826087,1.284574628976046,0.0642287314488023,stop,2
XRP/USDT,short,5902,5904,2025-06-27 17:30:00,2025-06-27 18:00:00,2.0928813400000004,2.0852527671599996,95.5620350650171,0.5692935460102804,0.028464677300514017,stop,2
XRP/USDT,short,13779,13781,2025-09-17 18:45:00,2025-09-17 19:15:00,2.99210146,3.0317179488157584,66.84265312313306,-2.8091304483561528,-0.14045652241780765,stop,2
XRP/USDT,long,21155,21156,2025-12-03 14:45:00,2025-12-03 15:00:00,2.19233838,2.165188083832708,91.22679319239032,-2.635843719784251,-0.13179218598921255,stop,1
XRP/USDT,short,21411,21418,2025-12-06 06:45:00,2025-12-06 08:30:00,2.0358927400000004,2.017656138213728,98.23700240711108,1.632225697212987,0.08161128486064935,take_profit,7
XRP/USDT,short,21852,21855,2025-12-10 21:00:00,2025-12-10 21:45:00,2.0621874800000004,2.05465514886,96.9843925150782,0.5708107672593012,0.02854053836296506,stop,3
XRP/USDT,short,25808,25822,2026-01-21 02:00:00,2026-01-21 05:30:00,1.89732046,1.9164984487871493,105.41181851799564,-2.1823953082405625,-0.10911976541202813,stop,14
XRP/USDT,short,26182,26189,2026-01-24 23:30:00,2026-01-25 01:15:00,1.91531686,1.90699264792341,104.42136451511215,0.7095732737841068,0.03547866368920534,take_profit,7
XRP/USDT,short,27875,27877,2026-02-11 14:45:00,2026-02-11 15:15:00,1.3741251200000002,1.3497060872399997,145.54715366821907,3.3955423618344818,0.16977711809172408,stop,2
XRP/USDT,short,28553,28562,2026-02-18 16:15:00,2026-02-18 18:30:00,1.4584082600000001,1.4485213463399997,137.13581133996044,1.1963922663828555,0.059819613319142775,stop,9
DOGE/USDT,long,991,995,2025-05-07 13:45:00,2025-05-07 14:45:00,0.172854564,0.1715182115665839,1157.0420553084152,-1.705597479789689,-0.08527987398948444,stop,4
DOGE/USDT,short,2258,2260,2025-05-20 18:30:00,2025-05-20 19:00:00,0.22051588800000002,0.21829645055999997,906.9641276822647,1.8537553217716947,0.09268776608858473,stop,2
DOGE/USDT,short,6598,6611,2025-07-04 23:30:00,2025-07-05 02:45:00,0.162877418,0.16238808112199998,1227.917304042725,0.4411055660904607,0.022055278304523036,stop,13
DOGE/USDT,short,7619,7621,2025-07-15 14:45:00,2025-07-15 15:15:00,0.19172164800000002,0.18995603360999996,1043.179015444307,1.6825886217669677,0.08412943108834839,stop,2
DOGE/USDT,short,10975,10978,2025-08-19 13:45:00,2025-08-19 14:30:00,0.218526286,0.215527616904,915.2217047243462,2.5855448207621077,0.1292772410381054,stop,3
DOGE/USDT,long,21155,21156,2025-12-03 14:45:00,2025-12-03 15:00:00,0.150210036,0.14810194006564542,1331.4689572406467,-2.965741549760135,-0.14828707748800676,stop,1
DOGE/USDT,long,21642,21651,2025-12-08 16:30:00,2025-12-08 18:45:00,0.14324864399999998,0.14130121464135037,1396.173774601315,-2.8778622185158707,-0.14389311092579354,stop,9
DOGE/USDT,short,23336,23363,2025-12-26 08:00:00,2025-12-26 14:45:00,0.125284938,0.12358572926315602,1596.3610885132894,2.553635729043077,0.12768178645215383,take_profit,27
DOGE/USDT,short,23819,23830,2025-12-31 08:45:00,2025-12-31 11:30:00,0.122985398,0.12349465534930305,1626.2093163287564,-0.9884903094638584,-0.04942451547319292,stop,11
DOGE/USDT,long,24364,24366,2026-01-06 01:00:00,2026-01-06 01:30:00,0.15197038799999998,0.15285937201,1316.0458601974485,1.0094757486517836,0.05047378743258918,stop,2
DOGE/USDT,short,27875,27877,2026-02-11 14:45:00,2026-02-11 15:15:00,0.089792038,0.088111108698,2227.3689789733917,3.585547403035458,0.1792773701517729,stop,2
DOGE/USDT,short,28553,28562,2026-02-18 16:15:00,2026-02-18 18:30:00,0.099940008,0.098785163082,2001.2005602400993,2.1520007274107837,0.10760003637053919,stop,9
DOGE/USDT,short,30134,30137,2026-03-07 03:30:00,2026-03-07 04:15:00,0.09133173,0.090920070378,2189.819463619051,0.741820836742722,0.0370910418371361,stop,3
ADA/USDT,short,823,825,2025-05-05 19:45:00,2025-05-05 20:15:00,0.66466704,0.6615104756399999,300.9025391119138,0.7901981580865252,0.03950990790432626,stop,2
ADA/USDT,short,1709,1711,2025-05-15 01:15:00,2025-05-15 01:45:00,0.80073982,0.7872847530845277,249.7690198546639,3.202003139106647,0.16010015695533236,take_profit,2
ADA/USDT,short,2258,2260,2025-05-20 18:30:00,2025-05-20 19:00:00,0.72905416,0.7264175544599999,274.3280416917174,0.5635841524355651,0.02817920762177826,stop,2
ADA/USDT,short,5821,5823,2025-06-26 21:15:00,2025-06-26 21:45:00,0.55558886,0.5522619302999999,359.97842001367707,1.0381019460613508,0.05190509730306754,stop,2
ADA/USDT,short,11935,11937,2025-08-29 13:45:00,2025-08-29 14:15:00,0.82863424,0.8177088090599999,241.3610135154444,2.478027874005325,0.12390139370026625,stop,2
ADA/USDT,short,15758,15763,2025-10-08 09:30:00,2025-10-08 10:45:00,0.81713654,0.8246556447445061,244.75713691618782,-2.0010906912580175,-0.10005453456290088,stop,5
ADA/USDT,long,17533,17536,2025-10-26 21:15:00,2025-10-26 22:00:00,0.67283454,0.6803453751053204,297.2499003989896,2.071701948974956,0.1035850974487478,take_profit,3
ADA/USDT,short,17811,17812,2025-10-29 18:45:00,2025-10-29 19:00:00,0.63397318,0.6495546654083416,315.47075855795663,-5.077469222437745,-0.25387346112188725,stop,1
ADA/USDT,short,23276,23282,2025-12-25 17:00:00,2025-12-25 18:30:00,0.35382922,0.358008661502871,565.2444419372713,-2.5233510423317336,-0.12616755211658667,stop,6
ADA/USDT,short,25283,25286,2026-01-15 14:45:00,2026-01-15 15:30:00,0.40191960000000004,0.39977543909999996,497.6119602029858,0.9073868924830142,0.04536934462415071,stop,3
ADA/USDT,short,27876,27878,2026-02-11 15:00:00,2026-02-11 15:30:00,0.25354928,0.25140207035999995,788.8012933817048,1.5343992298901707,0.07671996149450853,stop,2
ADA/USDT,short,28553,28562,2026-02-18 16:15:00,2026-02-18 18:30:00,0.28024394,0.27668272547999995,713.6639600485205,2.3825270611083167,0.11912635305541583,stop,9
ADA/USDT,short,30134,30137,2026-03-07 03:30:00,2026-03-07 04:15:00,0.25914816,0.2576219140799999,771.7592901296308,1.0183656255696456,0.05091828127848228,stop,3
ADA/USDT,long,30662,30667,2026-03-12 15:30:00,2026-03-12 16:45:00,0.26195238000000004,0.2626569581,763.4975486765952,0.37772847474030496,0.018886423737015247,stop,5
ADA/USDT,short,32484,32488,2026-03-31 15:00:00,2026-03-31 16:00:00,0.23965206,0.23805950237999998,834.5432123554457,1.1695897753167803,0.05847948876583901,stop,4
AVAX/USDT,long,8361,8365,2025-07-23 08:15:00,2025-07-23 09:15:00,25.5241038,25.204926541585365,7.835730553642397,-2.659986600989044,-0.1329993300494522,stop,4
AVAX/USDT,short,10879,10881,2025-08-18 13:45:00,2025-08-18 14:15:00,23.7882414,23.5611692916,8.40751515158241,1.7498758367515268,0.08749379183757634,stop,2
AVAX/USDT,long,11771,11773,2025-08-27 20:45:00,2025-08-27 21:15:00,24.921983400000002,24.9917846432,8.02504346423728,0.3999339473335579,0.019996697366677897,stop,2
AVAX/USDT,long,12320,12322,2025-09-02 14:00:00,2025-09-02 14:30:00,24.069813,24.127558523,8.309163016762946,0.3196250373096064,0.01598125186548032,stop,2
AVAX/USDT,long,12464,12466,2025-09-04 02:00:00,2025-09-04 02:30:00,25.2620514,25.0835044136493,7.9170134219582815,-1.572993463833736,-0.0786496731916868,stop,2
AVAX/USDT,short,14800,14802,2025-09-28 10:00:00,2025-09-28 10:30:00,28.3263336,28.266180105599993,7.060567838543001,0.264887715067852,0.013244385753392601,stop,2
AVAX/USDT,long,14903,14907,2025-09-29 11:45:00,2025-09-29 12:45:00,29.8389666,29.408672386674926,6.7026449903932,-3.042955709597149,-0.15214778547985747,stop,4
AVAX/USDT,long,20368,20386,2025-11-25 10:00:00,2025-11-25 14:30:00,13.9117818,13.802966652020254,14.37630368814439,-1.7237338693819044,-0.08618669346909522,stop,18
AVAX/USDT,long,20391,20394,2025-11-25 15:45:00,2025-11-25 16:30:00,13.9147824,13.944243593400001,14.373203565152409,0.2632823493185391,0.013164117465926956,stop,3
AVAX/USDT,long,21253,21255,2025-12-04 15:15:00,2025-12-04 15:45:00,14.7439482,14.806476112399999,13.56488759232076,0.6878448294472229,0.03439224147236115,stop,2
AVAX/USDT,short,21446,21447,2025-12-06 15:30:00,2025-12-06 15:45:00,13.223354800000001,13.328994562966043,15.124754876878898,-1.7584146303210257,-0.08792073151605129,stop,1
AVAX/USDT,short,27876,27878,2026-02-11 15:00:00,2026-02-11 15:30:00,8.543291,8.477045069999999,23.410182329034562,1.3914496315764242,0.0695724815788212,stop,2
AVAX/USDT,long,28132,28138,2026-02-14 07:00:00,2026-02-14 08:30:00,9.172834199999999,9.244530541026265,21.803511939635847,1.4026067347833584,0.07013033673916792,take_profit,6
AVAX/USDT,short,28553,28562,2026-02-18 16:15:00,2026-02-18 18:30:00,9.0271942,8.936510944799998,22.15527832557319,1.8499164035283937,0.09249582017641969,stop,9
AVAX/USDT,short,28971,28972,2026-02-23 00:45:00,2026-02-23 01:00:00,8.8252346,8.739968426796947,22.66228707393229,1.7730994254211407,0.08865497127105704,take_profit,1
AVAX/USDT,short,30135,30137,2026-03-07 03:45:00,2026-03-07 04:15:00,9.025194599999999,9.0027221844,22.160186994749125,0.3381921290924709,0.016909606454623544,stop,2
AVAX/USDT,long,30467,30468,2026-03-10 14:45:00,2026-03-10 15:00:00,9.4788954,9.682662218892382,21.09950490644722,4.137659243392946,0.2068829621696473,take_profit,1
AVAX/USDT,short,32484,32489,2026-03-31 15:00:00,2026-03-31 16:15:00,8.7672462,8.7388804266,22.812180180362677,0.487343967809662,0.0243671983904831,stop,5
AVAX/USDT,short,32495,32519,2026-03-31 17:45:00,2026-03-31 23:45:00,8.827234200000001,8.9087814,22.657153471695583,-2.0083664765572724,-0.10041832382786361,session_end,24
LINK/USDT,short,5293,5311,2025-06-21 09:15:00,2025-06-21 13:45:00,12.64747,12.511441346455513,15.81343936771544,1.9919412974437614,0.09959706487218807,take_profit,18
LINK/USDT,short,7619,7621,2025-07-15 14:45:00,2025-07-15 15:15:00,15.3849224,15.241626715799997,12.999740577177041,1.703551843117304,0.0851775921558652,stop,2
LINK/USDT,long,13916,13918,2025-09-19 05:00:00,2025-09-19 05:30:00,24.664932,24.369539930388363,8.108678345433914,-2.554281182561479,-0.12771405912807393,stop,2
LINK/USDT,long,14704,14724,2025-09-27 10:00:00,2025-09-27 15:00:00,21.0132018,20.859086280057042,9.51782607446334,-1.626257976306892,-0.0813128988153446,stop,20
LINK/USDT,short,20819,20822,2025-11-30 02:45:00,2025-11-30 03:30:00,13.0203954,12.976399760999998,15.360516624556578,0.5160660625652279,0.025803303128261394,stop,3
LINK/USDT,short,27779,27781,2026-02-10 14:45:00,2026-02-10 15:15:00,8.541291399999999,8.522189096999998,23.415662882078937,0.28747200455426164,0.014373600227713081,stop,2
LINK/USDT,short,27876,27878,2026-02-11 15:00:00,2026-02-11 15:30:00,8.2363524,8.1700656864,24.282593833648985,1.4502571882533895,0.07251285941266947,stop,2
LINK/USDT,long,28216,28218,2026-02-15 04:00:00,2026-02-15 04:30:00,9.066813,9.142655103200001,22.058467512233904,1.5122913852689182,0.07561456926344591,stop,2
LINK/USDT,short,30301,30304,2026-03-08 21:15:00,2026-03-08 22:00:00,8.574284800000001,8.442850938578337,23.32556063451496,2.906994811421071,0.14534974057105354,take_profit,3
LINK/USDT,long,30467,30469,2026-03-10 14:45:00,2026-03-10 15:15:00,9.026805,9.150629508,22.156233573229954,2.5823873274497506,0.12911936637248753,stop,2
NEAR/USDT,short,1710,1712,2025-05-15 01:30:00,2025-05-15 02:00:00,3.0583882000000004,3.0156210035999993,9.809088329597921,0.3956750099797122,0.039567500997971225,stop,2
NEAR/USDT,short,5821,5823,2025-06-26 21:15:00,2025-06-26 21:45:00,2.0605878,2.0495388257999996,14.558952547423605,0.1369258356719436,0.01369258356719436,stop,2
NEAR/USDT,long,6150,6155,2025-06-30 07:30:00,2025-06-30 08:45:00,2.205441,2.1800003063772224,13.60272163254424,-0.36992424842009086,-0.03699242484200908,stop,5
NEAR/USDT,short,7619,7621,2025-07-15 14:45:00,2025-07-15 15:15:00,2.5134971999999998,2.4919502903999997,11.935561336610998,0.23327733092967104,0.023327733092967103,stop,2
NEAR/USDT,long,9920,9922,2025-08-08 14:00:00,2025-08-08 14:30:00,2.6975394,2.661230469037053,11.121246273548405,-0.4276390429429354,-0.04276390429429354,stop,2
NEAR/USDT,short,10880,10884,2025-08-18 14:00:00,2025-08-18 15:00:00,2.564487,2.5581615299999996,11.69824608196493,0.05002650340595149,0.005002650340595148,stop,4
NEAR/USDT,short,13509,13517,2025-09-14 23:15:00,2025-09-15 01:15:00,2.7114576,2.6905840091999997,11.064159734601787,0.20704112234305708,0.020704112234305707,stop,8
NEAR/USDT,short,17126,17136,2025-10-22 15:30:00,2025-10-22 18:00:00,2.1865626,2.171929299,13.720165157860105,0.17685161504728836,0.017685161504728836,stop,10
NEAR/USDT,long,17535,17536,2025-10-26 21:45:00,2025-10-26 22:00:00,2.340468,2.371036796032122,12.817949230666688,0.367672543872114,0.0367672543872114,take_profit,1
NEAR/USDT,long,20331,20345,2025-11-25 00:45:00,2025-11-25 04:15:00,1.9323864,1.8999262520200728,15.524845341490709,-0.5277372016394107,-0.05277372016394107,stop,14
NEAR/USDT,short,20819,20821,2025-11-30 02:45:00,2025-11-30 03:15:00,1.8516296,1.829387038328596,16.20194449257022,0.33651689867248896,0.033651689867248896,take_profit,2
NEAR/USDT,long,21642,21651,2025-12-08 16:30:00,2025-12-08 18:45:00,1.7773553999999998,1.7456116383419955,16.879010241845837,-0.5595889568289116,-0.05595889568289116,stop,9
NEAR/USDT,short,23845,23847,2025-12-31 15:15:00,2025-12-31 15:45:00,1.5116976,1.5088137024,19.84523888904765,0.033254529458274076,0.0033254529458274077,stop,2
NEAR/USDT,short,27876,27878,2026-02-11 15:00:00,2026-02-11 15:30:00,0.954809,0.9450149651999998,31.419896544753975,0.28385065119579467,0.028385065119579465,stop,2
NEAR/USDT,long,28217,28234,2026-02-15 04:15:00,2026-02-15 08:30:00,1.0862172,1.067623876163833,27.618785635138163,-0.5373196152656929,-0.0537319615265693,stop,17
NEAR/USDT,short,28553,28562,2026-02-18 16:15:00,2026-02-18 18:30:00,1.0387922,1.028280615,28.879693166737294,0.2796927780358812,0.02796927780358812,stop,9
NEAR/USDT,long,30661,30663,2026-03-12 15:15:00,2026-03-12 15:45:00,1.3222644000000001,1.3257447980000001,22.688351890892623,0.05493290874654106,0.005493290874654106,stop,2
DOT/USDT,long,10468,10472,2025-08-14 07:00:00,2025-08-14 08:00:00,4.294858799999999,4.233016871482078,6.985095761471833,-0.45579900405466867,-0.04557990040546687,stop,4
DOT/USDT,short,17769,17773,2025-10-29 08:15:00,2025-10-29 09:15:00,3.0623874000000004,3.0527394258,9.796278550519114,0.07055204840851037,0.007055204840851037,stop,4
DOT/USDT,long,21155,21168,2025-12-03 14:45:00,2025-12-03 18:00:00,2.3024604,2.3265326004,13.029540052024347,0.28952423937245586,0.028952423937245585,stop,13
DOT/USDT,long,23444,23448,2025-12-27 11:00:00,2025-12-27 12:00:00,1.7493498,1.7660251456908924,17.14922881632936,0.2618549311169669,0.02618549311169669,take_profit,4
DOT/USDT,short,26445,26447,2026-01-27 17:15:00,2026-01-27 17:45:00,1.8466306000000001,1.8328474961999999,16.245804656329206,0.20000717893746994,0.020000717893746994,stop,2
DOT/USDT,short,27686,27690,2026-02-09 15:30:00,2026-02-09 16:30:00,1.2927414,1.3159004027007897,23.206497447981477,-0.5616543128085028,-0.056165431280850275,stop,4
DOT/USDT,short,27876,27878,2026-02-11 15:00:00,2026-02-11 15:30:00,1.2367526000000002,1.2319303367999999,24.257074535359777,0.09302078747067949,0.00930207874706795,stop,2
DOT/USDT,short,28317,28319,2026-02-16 05:15:00,2026-02-16 05:45:00,1.3517296,1.3432856033999998,22.193787870000033,0.16347923102313391,0.01634792310231339,stop,2
DOT/USDT,short,28553,28562,2026-02-18 16:15:00,2026-02-18 18:30:00,1.3397320000000001,1.3252279926,22.39253820913436,0.3009114525060289,0.030091145250602892,stop,9
LTC/USDT,long,1324,1326,2025-05-11 01:00:00,2025-05-11 01:30:00,104.17083000000001,105.61102357,0.2879884896760446,0.3905932673970221,0.03905932673970221,stop,2
LTC/USDT,long,4246,4248,2025-06-10 11:30:00,2025-06-10 12:00:00,90.698136,91.296966954,0.330767547416851,0.1739946164334821,0.01739946164334821,stop,2
LTC/USDT,long,7140,7145,2025-07-10 15:00:00,2025-07-10 16:15:00,90.938184,91.34680698400001,0.32989442586625656,0.11074852372455701,0.011074852372455701,stop,5
LTC/USDT,long,10159,10161,2025-08-11 01:45:00,2025-08-11 02:15:00,123.42468000000001,124.17145074199999,0.24306321879870377,0.1574398952551097,0.01574398952551097,stop,2
LTC/USDT,long,13391,13420,2025-09-13 17:45:00,2025-09-14 01:00:00,119.913978,118.30286312953457,0.2501793410606393,-0.4269064296033718,-0.04269064296033718,stop,29
LTC/USDT,short,15679,15681,2025-10-07 13:45:00,2025-10-07 14:15:00,117.946406,116.84277388199999,0.25435281173383106,0.2568242171059983,0.02568242171059983,stop,2
LTC/USDT,short,15761,15770,2025-10-08 10:15:00,2025-10-08 12:30:00,116.386718,116.11043744399998,0.2577613710182978,0.04724294068222221,0.004724294068222222,stop,9
LTC/USDT,long,15830,15832,2025-10-09 03:30:00,2025-10-09 04:00:00,118.63372199999999,119.36687185,0.25287919399511044,0.16132418380837882,0.01613241838083788,stop,2
LTC/USDT,long,16816,16818,2025-10-19 10:00:00,2025-10-19 10:30:00,92.22844199999999,93.141048064,0.3252792668881906,0.2727330907230602,0.027273309072306018,stop,2
LTC/USDT,long,21155,21156,2025-12-03 14:45:00,2025-12-03 15:00:00,85.56711,84.47608831526334,0.35060200116610224,-0.40636138022989154,-0.040636138022989154,stop,1
LTC/USDT,long,21158,21169,2025-12-03 15:30:00,2025-12-03 18:15:00,85.127022,85.57533151,0.3524145364793802,0.13392759185068215,0.013392759185068215,stop,11
LTC/USDT,short,22159,22175,2025-12-14 01:45:00,2025-12-14 05:45:00,81.373722,81.10876850999999,0.3686693844482129,0.07371931216173591,0.007371931216173591,stop,16
LTC/USDT,short,23172,23174,2025-12-24 15:00:00,2025-12-24 15:30:00,75.28493999999999,76.0572945397121,0.3984860717163353,-0.33189563551275847,-0.03318956355127585,stop,2
LTC/USDT,short,27875,27877,2026-02-11 14:45:00,2026-02-11 15:15:00,52.019594000000005,51.14316658799999,0.5767057697528357,0.4816429215680608,0.04816429215680608,stop,2
LTC/USDT,long,30467,30469,2026-03-10 14:45:00,2026-03-10 15:15:00,54.320862,54.794128982000004,0.5522740047829138,0.23726850226007393,0.023726850226007394,stop,2
LTC/USDT,short,32321,32322,2026-03-29 22:15:00,2026-03-29 22:30:00,53.469304,53.063668967785134,0.561069581156321,0.20368051341817725,0.020368051341817725,take_profit,1
OP/USDT,short,372,378,2025-05-01 03:00:00,2025-05-01 04:30:00,0.73195358,0.7274207550599998,40.9862057099304,0.16185760875612548,0.016185760875612548,stop,6
OP/USDT,long,2823,2825,2025-05-26 15:45:00,2025-05-26 16:15:00,0.76575312,0.7674367819400001,39.17711755454552,0.041934637336801306,0.00419346373368013,stop,2
OP/USDT,long,6089,6091,2025-06-29 16:15:00,2025-06-29 16:45:00,0.55581114,0.5579092958199999,53.975168615728,0.08920301484090158,0.008920301484090159,stop,2
OP/USDT,short,10880,10883,2025-08-18 14:00:00,2025-08-18 14:45:00,0.724855,0.7229063523599999,41.38758786240007,0.056682085343529434,0.005668208534352943,stop,3
OP/USDT,short,13509,13511,2025-09-14 23:15:00,2025-09-14 23:45:00,0.7873425,0.7858070299799998,38.10285866697149,0.03452919947829932,0.003452919947829932,stop,2
OP/USDT,short,15435,15442,2025-10-05 00:45:00,2025-10-05 02:30:00,0.72365524,0.7298632501278037,41.456205029345185,-0.2814634848987545,-0.02814634848987545,stop,7
OP/USDT,short,17122,17124,2025-10-22 14:30:00,2025-10-22 15:00:00,0.4289142,0.43687255292491967,69.9440587418183,-0.5808621602704884,-0.058086216027048845,stop,2
OP/USDT,short,17126,17135,2025-10-22 15:30:00,2025-10-22 17:45:00,0.42881422,0.42746377565999993,69.96036651956177,0.07051537202307025,0.0070515372023070245,stop,9
OP/USDT,short,18562,18564,2025-11-06 14:30:00,2025-11-06 15:00:00,0.36122774,0.3596474150999999,83.05010019440921,0.10729863974124162,0.010729863974124162,stop,2
OP/USDT,long,21155,21169,2025-12-03 14:45:00,2025-12-03 18:15:00,0.32206440000000003,0.32635251644,93.14907204894423,0.3752742935969317,0.03752742935969317,stop,14
OP/USDT,long,24906,24908,2026-01-11 16:30:00,2026-01-11 17:00:00,0.32076414,0.3214681935,93.52666417137527,0.0418214361430823,0.00418214361430823,stop,2
OP/USDT,short,27875,27877,2026-02-11 14:45:00,2026-02-11 15:15:00,0.17826434,0.17345338373999997,168.28940661940578,0.7859568274570271,0.07859568274570271,stop,2
OP/USDT,short,28553,28556,2026-02-18 16:15:00,2026-02-18 17:00:00,0.18456308,0.18418763016,162.54605200563407,0.037052300373832,0.0037052300373832,stop,3
OP/USDT,long,29600,29611,2026-03-01 14:00:00,2026-03-01 16:45:00,0.12412482,0.12180367739372967,241.69219339049192,-0.584777646862525,-0.0584777646862525,stop,11
ARB/USDT,short,1709,1711,2025-05-15 01:15:00,2025-05-15 01:45:00,0.42791440000000003,0.4197335929605651,70.10747943981319,0.5497651756227894,0.054976517562278934,take_profit,2
ARB/USDT,long,9919,9920,2025-08-08 13:45:00,2025-08-08 14:00:00,0.42058409999999996,0.42890646091286494,71.3293726510346,0.5693913313769946,0.05693913313769946,take_profit,1
ARB/USDT,long,15208,15210,2025-10-02 16:00:00,2025-10-02 16:30:00,0.44278853999999995,0.4475634694,67.75243099110018,0.29938366943101596,0.029938366943101598,stop,2
ARB/USDT,short,17126,17135,2025-10-22 15:30:00,2025-10-22 17:45:00,0.30683862,0.30617682312,97.77126490791804,0.04073059995694246,0.004073059995694246,stop,9
ARB/USDT,long,18926,18928,2025-11-10 09:30:00,2025-11-10 10:00:00,0.30036006,0.30382482288000007,99.88012387532484,0.3219225212747743,0.03219225212747743,stop,2
ARB/USDT,long,21155,21165,2025-12-03 14:45:00,2025-12-03 17:15:00,0.21714341999999998,0.21760157098,138.1575366179643,0.03927169199159009,0.003927169199159009,stop,10
ARB/USDT,short,26446,26448,2026-01-27 17:30:00,2026-01-27 18:00:00,0.16786642,0.16673193971999997,178.71352710089369,0.17882807105411846,0.017882807105411846,stop,2
ARB/USDT,short,27876,27878,2026-02-11 15:00:00,2026-02-11 15:30:00,0.10657868000000001,0.10573734323999998,281.4821876195126,0.21291604025421398,0.0212916040254214,stop,2
ARB/USDT,long,28217,28227,2026-02-15 04:15:00,2026-02-15 06:45:00,0.12122424,0.11908662571311092,247.47525742376277,-0.5527950432622194,-0.05527950432622194,stop,10
ARB/USDT,long,29600,29607,2026-03-01 14:00:00,2026-03-01 15:45:00,0.10262051999999999,0.10060964604918197,292.33919298011745,-0.611622125059693,-0.0611622125059693,stop,7
ARB/USDT,short,30135,30137,2026-03-07 03:45:00,2026-03-07 04:15:00,0.09978004,0.09941717945999998,300.661334671744,0.08514177350981925,0.008514177350981925,stop,2
ARB/USDT,short,30297,30305,2026-03-08 20:15:00,2026-03-08 22:15:00,0.09518096000000001,0.09359861597999998,315.1890882378156,0.4749370639699459,0.04749370639699459,stop,8
ARB/USDT,long,30467,30469,2026-03-10 14:45:00,2026-03-10 15:15:00,0.1005201,0.10187302131999999,298.4477731319408,0.37961484463465267,0.03796148446346527,stop,2
APT/USDT,short,314,315,2025-04-30 12:30:00,2025-04-30 12:45:00,5.37482482,5.29065374114113,5.581577261526451,0.4459953027887539,0.044599530278875386,take_profit,1
APT/USDT,short,7619,7621,2025-07-15 14:45:00,2025-07-15 15:15:00,4.83613258,4.8033244728,6.203303880473848,0.17960006616824487,0.017960006616824488,stop,2
APT/USDT,long,7803,7807,2025-07-17 12:45:00,2025-07-17 13:45:00,5.208441479999999,5.1233668175524185,5.759880400921775,-0.513823872894518,-0.051382387289451804,stop,4
APT/USDT,short,10219,10222,2025-08-11 16:45:00,2025-08-11 17:30:00,4.66296722,4.652443102559999,6.433671648242898,0.0437357994829119,0.004373579948291189,stop,3
APT/USDT,long,12319,12321,2025-09-02 13:45:00,2025-09-02 14:15:00,4.2947587799999996,4.3350858094,6.9852584363306205,0.25758204443957305,0.025758204443957305,stop,2
APT/USDT,long,14903,14907,2025-09-29 11:45:00,2025-09-29 12:45:00,4.25295042,4.215934082897133,7.053926577399413,-0.2850060798782599,-0.02850060798782599,stop,4
APT/USDT,long,21155,21160,2025-12-03 14:45:00,2025-12-03 16:00:00,2.0069013,1.974662228544381,14.94841824059808,-0.5057303545575987,-0.05057303545575988,stop,5
APT/USDT,short,22357,22364,2025-12-16 03:15:00,2025-12-16 05:00:00,1.56738646,1.5417186820799997,19.140142374331855,0.46748143779106593,0.04674814377910659,stop,7
APT/USDT,short,23699,23701,2025-12-30 02:45:00,2025-12-30 03:15:00,1.68926208,1.6719341199599997,17.759233664914802,0.2838543838031856,0.02838543838031856,stop,2
APT/USDT,short,26106,26145,2026-01-24 04:30:00,2026-01-24 14:15:00,1.55208952,1.5488414063399998,19.328782015099232,0.03880719372676812,0.003880719372676812,stop,39
APT/USDT,short,26728,26730,2026-01-30 16:00:00,2026-01-30 16:30:00,1.45360922,1.4480197460399997,20.63828406371831,0.09140329421378193,0.009140329421378194,stop,2
APT/USDT,short,27875,27877,2026-02-11 14:45:00,2026-02-11 15:15:00,0.95540888,0.9307695166799999,31.400168690079582,0.74998963673003,0.074998963673003,stop,2
APT/USDT,short,32193,32197,2026-03-28 14:15:00,2026-03-28 15:15:00,0.95010994,0.9605254984556759,31.57529327606024,-0.3530058625970637,-0.03530058625970637,stop,4
SUI/USDT,short,2667,2669,2025-05-25 00:45:00,2025-05-25 01:15:00,3.59648056,3.5738018174399993,8.341488157522532,0.1652501322767437,0.01652501322767437,stop,2
SUI/USDT,short,5293,5308,2025-06-21 09:15:00,2025-06-21 13:00:00,2.72775434,2.7036256169999997,10.998057838302257,0.24147523875482638,0.02414752387548264,stop,15
SUI/USDT,short,5821,5823,2025-06-26 21:15:00,2025-06-26 21:45:00,2.61077774,2.57752330158,11.490828782690633,0.35827390657201097,0.0358273906572011,stop,2
SUI/USDT,short,8288,8290,2025-07-22 14:00:00,2025-07-22 14:30:00,3.89562072,3.8833895225999995,7.700955035478915,0.07022957796795477,0.0070229577967954775,stop,2
SUI/USDT,long,11416,11420,2025-08-24 04:00:00,2025-08-24 05:00:00,3.72364458,3.73291856694,8.056622847715502,0.05068712826418958,0.005068712826418958,stop,4
SUI/USDT,long,12393,12402,2025-09-03 08:15:00,2025-09-03 10:30:00,3.3171633,3.3457612139,9.043871913089115,0.23453241594503443,0.023453241594503443,stop,9
SUI/USDT,short,13616,13625,2025-09-16 02:00:00,2025-09-16 04:15:00,3.5076983200000003,3.487526565839999,8.552616919461876,0.14859029443842012,0.014859029443842011,stop,9
SUI/USDT,short,13779,13781,2025-09-17 18:45:00,2025-09-17 19:15:00,3.5689860600000003,3.628432272746236,8.405748718446942,-0.5238898025788377,-0.052388980257883765,stop,2
SUI/USDT,long,15208,15210,2025-10-02 16:00:00,2025-10-02 16:30:00,3.55211028,3.56126950362,8.445683730292293,0.053324963547180845,0.005332496354718085,stop,2
SUI/USDT,short,15548,15553,2025-10-06 05:00:00,2025-10-06 06:15:00,3.5550888400000002,3.587985875283364,8.438607683289288,-0.30171621676951377,-0.030171621676951376,stop,5
SUI/USDT,short,17121,17123,2025-10-22 14:15:00,2025-10-22 14:45:00,2.4240151,2.40226415676,12.376160528042915,0.24530084244066297,0.024530084244066296,stop,2
SUI/USDT,long,21155,21157,2025-12-03 14:45:00,2025-12-03 15:15:00,1.71744342,1.6752189856630784,17.46782435487744,-0.7612739748804095,-0.07612739748804095,stop,2
SUI/USDT,short,21353,21354,2025-12-05 16:15:00,2025-12-05 16:30:00,1.60507892,1.554068204561147,18.69066973977828,0.9298058052315944,0.09298058052315944,take_profit,1
SUI/USDT,short,22374,22376,2025-12-16 07:30:00,2025-12-16 08:00:00,1.4608077800000001,1.4551424702999998,20.536582848703063,0.09239264045842518,0.009239264045842518,stop,2
SUI/USDT,short,26671,26673,2026-01-30 01:45:00,2026-01-30 02:15:00,1.28804234,1.2817894066199997,23.291159823208915,0.12169632594575246,0.012169632594575246,stop,2
SUI/USDT,short,27875,27877,2026-02-11 14:45:00,2026-02-11 15:15:00,0.8978204000000001,0.8768976444599998,33.41425523412032,0.6753979411321983,0.06753979411321984,stop,2
SUI/USDT,long,28217,28230,2026-02-15 04:15:00,2026-02-15 07:30:00,1.0348069199999999,1.03826750496,28.99091552267548,0.07628539602391435,0.007628539602391435,stop,13
SUI/USDT,short,30135,30137,2026-03-07 03:45:00,2026-03-07 04:15:00,0.8993201,0.8963597360999999,33.35853385240695,0.0747929007333461,0.0074792900733346105,stop,2
SUI/USDT,long,30945,30960,2026-03-15 14:15:00,2026-03-15 18:00:00,1.00310058,1.0109551685200002,29.907270116422424,0.21081533680079168,0.021081533680079166,stop,15
FIL/USDT,long,3986,4000,2025-06-07 18:30:00,2025-06-07 22:00:00,2.5015001999999997,2.5099439108,11.992803358560597,0.07722325773566271,0.007722325773566271,stop,14
FIL/USDT,short,7619,7621,2025-07-15 14:45:00,2025-07-15 15:15:00,2.5014996,2.4849278861999995,11.992806235107933,0.17482084912810297,0.017482084912810298,stop,2
FIL/USDT,short,10880,10894,2025-08-18 14:00:00,2025-08-18 17:30:00,2.4515096,2.4851137931170415,12.237357748874407,-0.43539102364871324,-0.043539102364871324,stop,14
FIL/USDT,long,15208,15210,2025-10-02 16:00:00,2025-10-02 16:30:00,2.3344668,2.3444750112,12.850900256966602,0.1045630780723055,0.01045630780723055,stop,2
FIL/USDT,short,15435,15437,2025-10-05 00:45:00,2025-10-05 01:15:00,2.304539,2.3003389758,13.017787939366615,0.030696894385560933,0.0030696894385560934,stop,2
FIL/USDT,short,18278,18280,2025-11-03 15:30:00,2025-11-03 16:00:00,1.4997,1.4616632742,20.004000800160032,0.7371910480160043,0.07371910480160043,stop,2
FIL/USDT,long,23633,23635,2025-12-29 10:15:00,2025-12-29 10:45:00,1.3442688,1.37224447608534,22.31696517839289,0.6000824561629166,0.06000824561629166,take_profit,2
FIL/USDT,long,23989,24003,2026-01-02 03:15:00,2026-01-02 06:45:00,1.4842967999999999,1.4534796995852952,20.211591104959602,-0.6466134875694424,-0.06466134875694424,stop,14
FIL/USDT,short,25565,25572,2026-01-18 13:15:00,2026-01-18 15:00:00,1.5256948000000001,1.5108201035999997,19.663172477221522,0.2686007143478575,0.02686007143478575,stop,7
FIL/USDT,short,26556,26563,2026-01-28 21:00:00,2026-01-28 22:45:00,1.2677464,1.2872320756781515,23.66403880145114,-0.4852942292343957,-0.04852942292343957,stop,7
FIL/USDT,short,26883,26887,2026-02-01 06:45:00,2026-02-01 07:45:00,1.0567886,1.0543638305999998,28.38789139095558,0.04486162401146656,0.004486162401146656,stop,4
FIL/USDT,long,27110,27112,2026-02-03 15:30:00,2026-02-03 16:00:00,1.0842168,1.0895030558,27.669742804206685,0.12221083064789179,0.012221083064789178,stop,2
FIL/USDT,short,27875,27877,2026-02-11 14:45:00,2026-02-11 15:15:00,0.8778244000000001,0.8537237105999999,34.1754000002734,0.7999801608075672,0.07999801608075671,stop,2
FIL/USDT,short,28318,28329,2026-02-16 05:30:00,2026-02-16 08:15:00,0.9618076,0.9735850967965448,31.19126943891897,-0.3915020179273936,-0.039150201792739356,stop,11
FIL/USDT,short,28553,28556,2026-02-18 16:15:00,2026-02-18 17:00:00,0.954809,0.9530405699999999,31.419896544753975,0.031586113201702765,0.0031586113201702765,stop,3
FIL/USDT,short,29071,29073,2026-02-24 01:45:00,2026-02-24 02:15:00,0.8928214,0.8908421327999999,33.601345129048205,0.042532642705923454,0.004253264270592345,stop,2
FIL/USDT,short,30369,30373,2026-03-09 14:15:00,2026-03-09 15:15:00,0.9348130000000001,0.9329765579999999,32.09197989330486,0.03495863376312318,0.0034958633763123178,stop,4
FIL/USDT,short,30471,30479,2026-03-10 15:45:00,2026-03-10 17:45:00,0.9318136,0.9229445519999999,32.19528025776829,0.26165570257399445,0.026165570257399445,stop,8
FIL/USDT,short,30813,30815,2026-03-14 05:15:00,2026-03-14 05:45:00,0.8718256,0.8697749201999998,34.41055183513767,0.0465932495645979,0.00465932495645979,stop,2
FIL/USDT,long,31049,31051,2026-03-16 16:15:00,2026-03-16 16:45:00,0.9361872,0.9509477724,32.04487307666672,0.44881146882930945,0.04488114688293095,stop,2
ETC/USDT,short,1710,1712,2025-05-15 01:30:00,2025-05-15 02:00:00,19.852028800000003,19.6316325414,1.5111805600443213,0.30919176491942907,0.030919176491942906,stop,2
ETC/USDT,short,7619,7621,2025-07-15 14:45:00,2025-07-15 15:15:00,18.052388800000003,17.9261915214,1.6618299291227316,0.18580230191714506,0.018580230191714505,stop,2
ETC/USDT,short,13509,13512,2025-09-14 23:15:00,2025-09-15 00:00:00,21.1747642,21.1344270402,1.416780830078854,0.033171774310365124,0.003317177431036512,stop,3
ETC/USDT,short,18852,18858,2025-11-09 15:00:00,2025-11-09 16:30:00,16.0607872,16.026129584999996,1.8679034611703218,0.040762973846021656,0.004076297384602166,stop,6
ETC/USDT,short,20966,20968,2025-12-01 15:30:00,2025-12-01 16:00:00,12.822434999999999,12.672429979199997,2.3396492163929863,0.3270995130214859,0.032709951302148585,stop,2
ETC/USDT,short,22503,22505,2025-12-17 15:45:00,2025-12-17 16:15:00,12.4515092,12.094370723427547,2.4093464911064757,0.8368145235031006,0.08368145235031006,take_profit,2
ETC/USDT,short,23709,23711,2025-12-30 05:15:00,2025-12-30 05:45:00,11.9246146,11.863850295599999,2.5158045778687055,0.1289322636266023,0.012893226362660229,stop,2
ETC/USDT,short,27876,27878,2026-02-11 15:00:00,2026-02-11 15:30:00,8.0653866,8.0125631922,3.7195985124879196,0.17256046182505394,0.017256046182505393,stop,2
ETC/USDT,short,28553,28562,2026-02-18 16:15:00,2026-02-18 18:30:00,8.6072782,8.532221103,3.485422371964229,0.23771032733251324,0.023771032733251325,stop,9
ETC/USDT,short,29454,29467,2026-02-28 01:30:00,2026-02-28 04:45:00,8.6272742,8.576361929399999,3.4773439796314807,0.1531102934513477,0.015311029345134768,stop,13
ETC/USDT,short,32141,32143,2026-03-28 01:15:00,2026-03-28 01:45:00,8.0713854,8.049681614399997,3.7168340394202954,0.05670163685001326,0.005670163685001326,stop,2
ETC/USDT,short,32484,32490,2026-03-31 15:00:00,2026-03-31 16:30:00,8.0553886,8.146858613081724,3.724215117319107,-0.36479026710253093,-0.03647902671025309,stop,6
ICP/USDT,long,2823,2825,2025-05-26 15:45:00,2025-05-26 16:15:00,5.3300658,5.353816022600001,5.628448339230634,0.10962343018895523,0.010962343018895523,stop,2
ICP/USDT,long,5610,5612,2025-06-24 16:30:00,2025-06-24 17:00:00,4.9539906,4.9879902024,6.055724045984261,0.18180985292365978,0.01818098529236598,stop,2
ICP/USDT,long,7146,7148,2025-07-10 16:30:00,2025-07-10 17:00:00,5.1790356,5.1993119296,5.792584240973358,0.09340536636682274,0.009340536636682275,stop,2
ICP/USDT,short,12161,12165,2025-08-31 22:15:00,2025-08-31 23:15:00,4.8260346,4.7932924668,6.216283654493484,0.17961580117937936,0.017961580117937935,stop,4
ICP/USDT,short,13776,13781,2025-09-17 18:00:00,2025-09-17 19:15:00,4.6800638,4.743528811781377,6.410169023764163,-0.43098418119485377,-0.04309841811948538,stop,5
ICP/USDT,short,20384,20386,2025-11-25 14:00:00,2025-11-25 14:30:00,4.0561886000000005,4.043901618599999,7.396105792516649,0.06691216463081916,0.0066912164630819155,stop,2
ICP/USDT,short,21510,21514,2025-12-07 07:30:00,2025-12-07 08:30:00,3.4913016,3.4750868783999995,8.592783848865993,0.11538532971749306,0.011538532971749307,stop,4
ICP/USDT,short,22504,22506,2025-12-17 16:00:00,2025-12-17 16:30:00,2.9904018000000003,2.914297742999999,10.032096690150466,0.7397886516400682,0.07397886516400683,stop,2
ICP/USDT,long,24016,24022,2026-01-02 10:00:00,2026-01-02 11:30:00,3.015603,3.0242930204,9.948259104398026,0.06241599433187988,0.006241599433187988,stop,6
ICP/USDT,short,27794,27796,2026-02-10 18:30:00,2026-02-10 19:00:00,2.3615276,2.3484926046,12.703641490364118,0.1416581451535011,0.014165814515350112,stop,2
ICP/USDT,long,28217,28234,2026-02-15 04:15:00,2026-02-15 08:30:00,2.5435086,2.4984246833341883,11.794731104899743,-0.5555399731592654,-0.05555399731592654,stop,17
ICP/USDT,short,28350,28359,2026-02-16 13:30:00,2026-02-16 15:45:00,2.394521,2.3535086076,12.528601753753673,0.49003346252081703,0.049003346252081706,stop,9
ICP/USDT,short,30120,30125,2026-03-07 00:00:00,2026-03-07 01:15:00,2.4815036000000004,2.4558350688,12.08944448035457,0.28644241014778843,0.028644241014778842,stop,5
ICP/USDT,long,30467,30469,2026-03-10 14:45:00,2026-03-10 15:15:00,2.5165032,2.5398479288,11.92130413344994,0.25418829209293464,0.025418829209293465,stop,2
INJ/USDT,short,3304,3312,2025-05-31 16:00:00,2025-05-31 18:00:00,12.082583000000001,12.0504456072,2.4829128010128296,0.05582626171188988,0.005582626171188989,stop,8
INJ/USDT,short,3488,3511,2025-06-02 14:00:00,2025-06-02 19:45:00,11.761647199999999,11.6852805888,2.5506631418089127,0.17086341465287075,0.017086341465287074,stop,23
INJ/USDT,short,3776,3778,2025-06-05 14:00:00,2025-06-05 14:30:00,12.0895816,11.904981520199998,2.481475454866031,0.43426379921681335,0.043426379921681336,stop,2
INJ/USDT,short,5821,5823,2025-06-26 21:15:00,2025-06-26 21:45:00,10.807838,10.785409650599998,2.7757632932691996,0.0382806913087389,0.00382806913087389,stop,2
INJ/USDT,short,6893,6895,2025-07-08 01:15:00,2025-07-08 01:45:00,10.4209154,10.3811198088,2.8788257891432454,0.09061040007046048,0.009061040007046047,stop,2
INJ/USDT,long,7413,7420,2025-07-13 11:15:00,2025-07-13 13:00:00,12.456490800000001,12.5836107744,2.4083829452192105,0.28203111691032434,0.028203111691032436,stop,7
INJ/USDT,short,10629,10631,2025-08-15 23:15:00,2025-08-15 23:45:00,14.387122000000002,14.304637355399999,2.0851981376122337,0.14806562603245327,0.014806562603245327,stop,2
INJ/USDT,short,10880,10884,2025-08-18 14:00:00,2025-08-18 15:00:00,14.3431308,14.291595747599999,2.091593559196992,0.08383349982619274,0.008383349982619274,stop,4
INJ/USDT,long,13242,13248,2025-09-12 04:30:00,2025-09-12 06:00:00,14.199839399999998,14.239296571,2.112699950676907,0.059327818760264786,0.005932781876026479,stop,6
INJ/USDT,short,17767,17773,2025-10-29 07:45:00,2025-10-29 09:15:00,8.405318600000001,8.381741013,3.5691686927845896,0.06018604632596043,0.006018604632596044,stop,6
INJ/USDT,short,20017,20025,2025-11-21 18:15:00,2025-11-21 20:15:00,5.4959006,5.4513920604,5.458614007684201,0.21905211969721464,0.021905211969721464,stop,8
INJ/USDT,short,20762,20765,2025-11-29 12:30:00,2025-11-29 13:15:00,5.9878022,5.976065974199999,5.010185540197036,0.034824189067171704,0.0034824189067171702,stop,3
INJ/USDT,long,21155,21169,2025-12-03 14:45:00,2025-12-03 18:15:00,5.9001798,5.9887780048,5.084590811961357,0.42630542383511894,0.042630542383511896,stop,14
INJ/USDT,short,26445,26447,2026-01-27 17:15:00,2026-01-27 17:45:00,4.391121600000001,4.3599098076,6.831967486393452,0.1893232460492139,0.01893232460492139,stop,2
INJ/USDT,short,26715,26719,2026-01-30 12:45:00,2026-01-30 13:45:00,4.0021994,3.965651971799999,7.495878391266562,0.25006465933167654,0.025006465933167653,stop,4
INJ/USDT,short,27875,27877,2026-02-11 14:45:00,2026-02-11 15:15:00,3.0023994000000003,2.9373713568,9.992008391688326,0.626020657650814,0.0626020657650814,stop,2
INJ/USDT,long,28216,28218,2026-02-15 04:00:00,2026-02-15 04:30:00,3.265653,3.3014035872,9.18652410406127,0.30429226159472456,0.030429226159472456,stop,2
INJ/USDT,short,28553,28556,2026-02-18 16:15:00,2026-02-18 17:00:00,3.0753848,3.0697938359999997,9.754876853133956,0.030560980976434005,0.0030560980976434005,stop,3
INJ/USDT,short,32322,32323,2026-03-29 22:30:00,2026-03-29 22:45:00,2.8014396,2.7659286212219296,10.708779871606012,0.3564313664615337,0.03564313664615337,take_profit,1
TIA/USDT,long,9919,9921,2025-08-08 13:45:00,2025-08-08 14:15:00,1.73624718,1.76314090128,17.278645774387954,0.4405012087188186,0.04405012087188186,stop,2
TIA/USDT,short,16607,16610,2025-10-17 05:45:00,2025-10-17 06:30:00,1.0327933999999999,1.0243681326599998,29.047435818238192,0.2208303052750737,0.022083030527507368,stop,3
TIA/USDT,short,17126,17131,2025-10-22 15:30:00,2025-10-22 16:45:00,0.9895020600000001,0.9844407487799998,30.31827947887243,0.12951162819676115,0.012951162819676116,stop,5
TIA/USDT,short,17980,17983,2025-10-31 13:00:00,2025-10-31 13:45:00,0.91321732,0.9115080651599998,32.850888110619714,0.03217299971718146,0.003217299971718146,stop,3
TIA/USDT,short,20134,20139,2025-11-22 23:30:00,2025-11-23 00:45:00,0.62027592,0.6164667687,48.36557253423606,0.1603054762074289,0.01603054762074289,stop,5
TIA/USDT,long,21155,21158,2025-12-03 14:45:00,2025-12-03 15:30:00,0.62952588,0.6368559033400001,47.654911343756034,0.32517188777040124,0.03251718877704012,stop,3
TIA/USDT,short,22494,22499,2025-12-17 13:30:00,2025-12-17 14:45:00,0.5064986800000001,0.5117742988358741,59.23016423260964,-0.336600760385498,-0.0336600760385498,stop,5
TIA/USDT,long,24906,24908,2026-01-11 16:30:00,2026-01-11 17:00:00,0.5566113,0.5576102556400001,53.89757627989226,0.029819751292009866,0.0029819751292009867,stop,2
TIA/USDT,short,27875,27877,2026-02-11 14:45:00,2026-02-11 15:15:00,0.30563886,0.29734865784,98.1550579006871,0.7900507631324143,0.07900507631324143,stop,2
TIA/USDT,short,28317,28319,2026-02-16 05:15:00,2026-02-16 05:45:00,0.34013196,0.3385802025,88.20106172910067,0.11292140570971587,0.011292140570971587,stop,2
TIA/USDT,short,28461,28463,2026-02-17 17:15:00,2026-02-17 17:45:00,0.33923214,0.33717572166,88.43501680000014,0.15793213420190955,0.015793213420190955,stop,2
TIA/USDT,short,28553,28556,2026-02-18 16:15:00,2026-02-18 17:00:00,0.33803238,0.3369750815399999,88.74889441064788,0.06987160301484728,0.006987160301484728,stop,3
TIA/USDT,long,30467,30469,2026-03-10 14:45:00,2026-03-10 15:15:00,0.33436686,0.34000868466,89.72181034926727,0.48199224427947346,0.04819922442794734,stop,2
SEI/USDT,short,2258,2260,2025-05-20 18:30:00,2025-05-20 19:00:00,0.22025594,0.21879805085999995,136.20518020989581,0.1746514818609737,0.01746514818609737,stop,2
SEI/USDT,long,7063,7070,2025-07-09 19:45:00,2025-07-09 21:30:00,0.26365272,0.26494959947999996,113.78604400515951,0.12350775886643124,0.012350775886643125,stop,7
SEI/USDT,long,7243,7245,2025-07-11 16:45:00,2025-07-11 17:15:00,0.33766752,0.34329812664,88.84479028364943,0.4760499660740819,0.04760499660740819,stop,2
SEI/USDT,short,10880,10887,2025-08-18 14:00:00,2025-08-18 15:45:00,0.32513496,0.3319230940614453,92.269376384502,-0.6505874314226248,-0.06505874314226248,stop,7
SEI/USDT,short,15435,15438,2025-10-05 00:45:00,2025-10-05 01:30:00,0.2884423,0.28771793207999996,104.0069365692896,0.05136942402359407,0.0051369424023594065,stop,3
SEI/USDT,short,22911,22915,2025-12-21 21:45:00,2025-12-21 22:45:00,0.10857828,0.10983547343044155,276.2983535933706,-0.371499419169393,-0.0371499419169393,stop,4
SEI/USDT,short,27875,27877,2026-02-11 14:45:00,2026-02-11 15:15:00,0.07078584,0.06952180158,423.8135762745769,0.511930929985998,0.051193092998599796,stop,2
SEI/USDT,long,28217,28233,2026-02-15 04:15:00,2026-02-15 08:15:00,0.07841568,0.07864756733999999,382.5765459153067,0.06467917171565173,0.006467917171565173,stop,16
SEI/USDT,short,28318,28320,2026-02-16 05:30:00,2026-02-16 06:00:00,0.074985,0.07483876476,400.0800160032007,0.03452919947829588,0.003452919947829588,stop,2
SEI/USDT,short,28350,28352,2026-02-16 13:30:00,2026-02-16 14:00:00,0.07478504000000001,0.07443748451999999,401.14974866631076,0.11547756216698894,0.011547756216698894,stop,2
SEI/USDT,long,29600,29602,2026-03-01 14:00:00,2026-03-01 14:30:00,0.069073812,0.069317513724,434.3180017341449,0.08180170816853041,0.00818017081685304,stop,2
SEI/USDT,long,30467,30469,2026-03-10 14:45:00,2026-03-10 15:15:00,0.065133024,0.066077911774,460.5958415196568,0.41103729485540624,0.04110372948554063,stop,2
SEI/USDT,short,30548,30551,2026-03-11 11:00:00,2026-03-11 11:45:00,0.062417514,0.06228872525399999,480.6343296530522,0.037925052717612,0.0037925052717611997,stop,3
SEI/USDT,short,31665,31670,2026-03-23 02:15:00,2026-03-23 03:30:00,0.059608076,0.06028975542534837,503.28750755182904,-0.367217971228515,-0.0367217971228515,stop,5
WIF/USDT,short,3775,3777,2025-06-05 13:45:00,2025-06-05 14:15:00,0.87822432,0.8628528360599999,34.15983743196727,0.5012974274354904,0.05012974274354905,stop,2
WIF/USDT,short,5821,5823,2025-06-26 21:15:00,2025-06-26 21:45:00,0.7556488400000001,0.7506950089799999,39.7009806830379,0.17275061841191638,0.01727506184119164,stop,2
WIF/USDT,short,13616,13625,2025-09-16 02:00:00,2025-09-16 04:15:00,0.8783243,0.8739883627199998,34.155949004257316,0.1241572918423917,0.01241572918423917,stop,9
WIF/USDT,long,16247,16249,2025-10-13 11:45:00,2025-10-13 12:15:00,0.56021202,0.56628242086,53.551153722121136,0.30094693882091234,0.030094693882091232,stop,2
WIF/USDT,short,16518,16523,2025-10-16 07:30:00,2025-10-16 08:45:00,0.54659066,0.5452395260999999,54.88567989800631,0.05018756589584309,0.005018756589584309,stop,5
WIF/USDT,long,17533,17535,2025-10-26 21:15:00,2025-10-26 21:45:00,0.55581114,0.5569124952200001,53.975168615728,0.03542205537183546,0.003542205537183546,stop,2
WIF/USDT,long,21141,21143,2025-12-03 11:15:00,2025-12-03 11:45:00,0.40198037999999997,0.40280712246,74.63050808599166,0.03767552976212641,0.003767552976212641,stop,2
WIF/USDT,short,21398,21430,2025-12-06 03:30:00,2025-12-06 11:30:00,0.37062586,0.3761603777228581,80.94416293563542,-0.47216609909092155,-0.047216609909092155,stop,32
WIF/USDT,short,26503,26507,2026-01-28 07:45:00,2026-01-28 08:45:00,0.32463506,0.32363251355999995,92.411460425747,0.06868383937730228,0.006868383937730228,stop,4
WIF/USDT,short,27875,27877,2026-02-11 14:45:00,2026-02-11 15:15:00,0.209958,0.20395068197999996,142.88572000114308,0.8347033045477725,0.08347033045477725,stop,2
WIF/USDT,short,32126,32128,2026-03-27 21:30:00,2026-03-27 22:00:00,0.17276544000000002,0.17064442206,173.64584027916692,0.3444532648154674,0.03444532648154674,stop,2
FET/USDT,short,2258,2260,2025-05-20 18:30:00,2025-05-20 19:00:00,0.72295538,0.7128743463599999,41.49633688319741,0.39449329844351355,0.03944932984435136,stop,2
FET/USDT,long,7459,7461,2025-07-13 22:45:00,2025-07-13 23:15:00,0.72494496,0.7282625183600001,41.38245198642391,0.11323378406504704,0.011323378406504703,stop,2
FET/USDT,short,7619,7621,2025-07-15 14:45:00,2025-07-15 15:15:00,0.6918616,0.6888978520199999,43.361273410751515,0.1045632912359393,0.01045632912359393,stop,2
FET/USDT,short,8912,8914,2025-07-29 02:00:00,2025-07-29 02:30:00,0.71295738,0.7028423403599999,42.07825157795548,0.40179343196599127,0.040179343196599125,stop,2
FET/USDT,short,10880,10884,2025-08-18 14:00:00,2025-08-18 15:00:00,0.6787642199999999,0.6761572044,44.19796906796296,0.0912708847664307,0.009127088476643069,stop,4
FET/USDT,short,11631,11639,2025-08-26 09:45:00,2025-08-26 11:45:00,0.63117374,0.6292074163199999,47.53049453546657,0.06949772106197698,0.006949772106197698,stop,8
FET/USDT,short,14756,14761,2025-09-27 23:00:00,2025-09-28 00:15:00,0.5741851400000001,0.57202498212,52.24795612091249,0.08890897966214124,0.008890897966214124,stop,5
FET/USDT,short,16417,16426,2025-10-15 06:15:00,2025-10-15 08:30:00,0.31173764000000004,0.3201088298088076,96.23476972495203,-0.8299217633838922,-0.08299217633838922,stop,9
FET/USDT,short,17980,17987,2025-10-31 13:00:00,2025-10-31 14:45:00,0.23915216,0.24273277775545402,125.44314883043498,-0.47334363158871673,-0.04733436315887167,stop,7
FET/USDT,long,21155,21169,2025-12-03 14:45:00,2025-12-03 18:15:00,0.26405280000000003,0.26484991942,113.61364090818199,0.06652741408899948,0.006652741408899948,stop,14
FET/USDT,short,27876,27878,2026-02-11 15:00:00,2026-02-11 15:30:00,0.15206958,0.1514832906,197.2781144000003,0.09170833215164195,0.009170833215164195,stop,2
FET/USDT,short,29509,29522,2026-02-28 15:15:00,2026-02-28 18:30:00,0.14667066,0.14988782141279003,204.53988548220892,-0.6823010420806322,-0.06823010420806322,stop,13
